{"max": [-4.45258, 8.33856, 31.0069], "centroid": [-11.701552520168116, 4.0878527333183765, 16.016160331163018], "id": "1a4ef4a2a639f172f13d1237e1429e9e", "numVertices": 29502, "min": [-17.7718, -0.0110018, 2.74282]}
