{"max": [0.0268698, 0.127651, 0.0581908], "centroid": [0.01481875793192372, 0.11625560761329648, 0.03539024052366579], "id": "1ab80bc91a45b7d0a31091d2234b9f68", "numVertices": 24825, "min": [0.00331563, 0.107209, 0.0136786]}
