{"max": [1.86381, 1.87898, -0.0397444], "centroid": [0.5332732885964995, 1.079460207893146, -3.0146388383488616], "id": "1abeca7159db7ed9f200a72c9245aee7", "numVertices": 38147, "min": [-0.803227, 0.012585, -6.2162]}
